id;matricule;civilite;titre;nom_famille;nom_marital;nom_usuel;prenoms;prenom_usuel;date_naissance;commune_naissance;profession;courriel;courriel_2
1;Cambridgeshire Movies system;Metal;Niger c;Tasty (customarily withdrawal;Pants website;Thaïlande plum deposit;Suède national;standardization Concrete;2022-01-09;Shoes;Loan concept;whiteboard;Rubber Tuna
2;tan white proactive;Checking;a Plastic;Books;Suisse Fish;Business-focused green Fresh;a;Cotton;2022-01-09;a;Ball;initiatives FTP Picardie;end-to-end
3;deposit;Maurice;solutions grow;platforms;Account Cayman;back;Intelligent;Sports;2022-01-09;bandwidth b;Licensed standardization Cambridgeshire;Intelligent explicit;Licensed Account Loan
4;invoice services copying;Swaziland SMTP Franc;GB;Refined;fuchsia Handmade invoice;program tolerance;SMS Business-focused bi-directional;Nord-Pas-de-Calais Ingenieur;2022-01-10;Cheese;Rubber holistic b;superstructure Re-contextualized;Generic
5;networks Steel HDD;Laffitte withdrawal;Bedfordshire;green generate transmitting;Rustic;Auto;Loan;empowering Card Libyan;2022-01-10;Metal Executif;Directeur JBOD;teal AI;Money
6;RAM Hat Samoa;Centre mint a;Champagne-Ardenne hack ADP;Mexique Analyste Arabie;Home Shoes des;best-of-breed;Handmade robust;Handmade green 3rd;2022-01-09;FTP;Berkshire;ubiquitous Home;maximized B2B infomediaries
7;a Cotton;Gorgeous;Computer Haute-Normandie Industrial;Cambridgeshire Auvergne Keyboard;compress;Frozen bandwidth;partnerships;hacking Inverse ADP;2022-01-10;Kroon Avon;Proactive salmon c;Table Panoramas;Car
8;Beauty b;c Languedoc-Roussillon;Haute-Normandie strategic Provence-Alpes-Côte;Licensed;invoice;strategy;Superviseur asynchronous world-class;vortals auxiliary Salad;2022-01-10;array Vaneau c;Falkland;Nord-Pas-de-Calais superstructure;bus
9;c a Borders;b a;well-modulated Molière;up;Avon Practical calculating;interactive optimizing orange;integrate;optical;2022-01-10;b;Fresh b;holistic circuit Ergonomic;Fish
10;Nord-Pas-de-Calais plug-and-play Buckinghamshire;24/7 disintermediate;Pizza Handcrafted a;Soft primary program;interfaces Checking Delesseux;b purple;Account leverage evolve;a;2022-01-10;Beauty Havre;c connecting;Provence-Alpes-Côte Computer;Money Account
